,tamanho,quartos,valor,tipo_area,preco
677,6,1,299,1,0
450,16,1,800,1,0
435,20,1,1100,1,0
546,20,1,70000,1,0
683,20,1,100,1,0
717,20,1,500,1,0
1341,20,3,330000,1,5
402,21,1,900,1,0
312,22,1,1250,1,0
329,25,1,770,1,0
416,25,1,550,1,0
437,25,1,700,1,0
442,25,1,2980,1,0
448,25,2,680,1,0
502,25,3,400,1,0
967,25,1,450,1,0
428,29,1,150000,1,1
25,30,1,550,1,0
61,30,1,650,1,0
76,30,1,700,1,0
248,30,1,1250,1,0
259,30,1,800,1,0
272,30,1,900,1,0
293,30,1,1897,1,0
343,30,1,989,1,0
413,30,1,600,1,0
432,30,1,500,1,0
440,30,1,1900,1,0
444,30,1,950,1,0
463,30,1,600,1,0
539,30,1,450,1,0
561,30,1,90000,1,0
659,30,1,600,1,0
1127,30,1,1100,1,0
1697,30,1,1390,1,0
494,32,1,550,1,0
1614,33,1,90000,1,0
1398,34,1,1000,1,0
342,35,1,800,1,0
573,35,1,90000,1,0
666,35,1,550,1,0
1026,35,1,650,1,0
1070,35,2,189000,1,1
1174,35,1,225000,1,1
177,36,1,550,1,0
350,36,1,1700,1,0
439,36,1,1000,1,0
341,37,2,1891,1,0
982,37,1,125000,1,0
1,38,2,128000,1,1
6,39,2,121802,1,1
22,40,2,200000,1,1
197,40,1,660,1,0
239,40,1,700,1,0
307,40,1,800,1,0
309,40,1,1125,1,0
319,40,2,2000,1,0
321,40,2,1460,1,0
397,40,3,891,1,0
426,40,1,1800,1,0
466,40,1,500,1,0
476,40,1,1000,1,0
498,40,1,450,1,0
533,40,1,720,1,0
583,40,1,95000,1,0
601,40,1,70000,1,0
671,40,1,850,1,0
757,40,1,850,1,0
867,40,1,90000,1,0
1059,40,1,130000,1,0
1200,40,1,115000,1,0
1246,40,1,900,1,0
1633,40,2,840,1,0
0,41,2,122000,1,1
8,41,2,132984,1,1
10,41,2,139617,1,1
1627,41,1,139000,1,0
5,42,2,141900,1,1
9,42,2,143900,1,1
445,42,1,1096,1,0
694,42,2,180000,1,1
1335,42,2,297000,1,1
1686,42,1,950,1,0
700,43,2,209999,1,1
735,43,1,140000,1,0
1094,43,1,130000,1,0
563,44,2,145000,1,1
179,45,1,800,1,0
184,45,2,210000,1,1
287,45,1,1150,1,0
314,45,1,1400,1,0
362,45,1,1100,1,0
385,45,2,1300,1,0
396,45,1,800,1,0
424,45,1,1530,1,0
427,45,1,790,1,0
438,45,1,800,1,0
599,45,1,85000,1,0
624,45,2,170000,1,1
1452,45,1,115000,1,0
400,46,1,1100,1,0
1719,46,2,180000,1,1
858,47,2,1208,1,0
996,47,1,96000,1,0
1170,47,2,195000,1,1
348,48,2,1913,1,0
538,48,1,700,1,0
559,48,1,80,1,0
1507,48,2,235000,1,1
180,49,2,180000,1,1
181,49,1,260000,1,1
21,50,1,850,2,0
31,50,2,170000,2,1
83,50,2,165000,2,1
149,50,2,154000,2,1
213,50,1,950,2,0
224,50,1,800,2,0
225,50,1,850,2,0
258,50,2,1107,2,0
267,50,1,2700,2,0
294,50,1,1010,2,0
295,50,1,1120,2,0
305,50,2,1570,2,0
346,50,2,2200,2,0
368,50,2,1470,2,0
412,50,1,750,2,0
414,50,1,1040,2,0
419,50,1,650,2,0
429,50,1,1446,2,0
430,50,1,1150,2,0
481,50,1,654,2,0
548,50,1,130000,2,0
586,50,1,149,2,0
606,50,2,139000,2,1
615,50,1,820,2,0
678,50,1,85000,2,0
714,50,2,70000,2,0
731,50,2,155000,2,1
756,50,1,1250,2,0
800,50,1,180000,2,0
804,50,1,150000,2,0
845,50,1,160000,2,0
950,50,1,800,2,0
1084,50,2,155000,2,1
1191,50,2,155000,2,1
1436,50,2,139000,2,1
1471,50,2,240000,2,1
1479,50,2,319000,2,1
1552,50,2,98000,2,0
1901,50,2,155000,2,1
579,51,2,80000,2,0
608,51,2,99900,2,0
713,51,1,96000,2,0
849,51,2,169000,2,1
1822,51,2,1400,2,0
192,52,2,1300,2,0
407,52,1,730,2,0
1270,52,2,179000,2,1
52,53,2,160000,2,1
372,53,2,2400,2,0
1705,53,2,239000,2,1
1730,53,2,155000,2,1
1801,53,2,315000,2,1
107,54,2,150000,2,1
425,54,2,1300,2,0
1135,54,2,85000,2,0
1616,54,2,370,2,0
18,55,1,600,2,0
62,55,2,181500,2,1
168,55,2,195000,2,1
169,55,2,170000,2,1
171,55,2,195000,2,1
257,55,2,1350,2,0
262,55,2,1540,2,0
331,55,2,1300,2,0
410,55,1,1700,2,0
570,55,1,175000,2,0
594,55,2,70000,2,0
609,55,1,70000,2,0
895,55,2,210000,2,1
927,55,1,47000,2,0
1011,55,2,220000,2,1
1160,55,2,150000,2,1
1456,55,2,156000,2,1
1553,55,2,165000,2,1
1620,55,2,235000,2,1
1659,55,2,215000,2,1
198,56,2,156000,2,1
431,56,2,890,2,0
536,56,1,1000,2,0
1157,56,2,697000,2,2
1222,56,1,119000,2,0
1418,56,2,159900,2,1
1736,56,2,230000,2,1
1870,56,2,270000,2,1
232,57,2,1500,2,0
1808,57,2,295000,2,1
12,58,2,1500,2,0
60,58,2,190000,2,1
271,58,2,1200,2,0
451,58,1,1350,2,0
660,58,2,130000,2,0
1247,58,2,190000,2,1
1654,58,2,180000,2,1
1785,58,2,199000,2,1
1865,58,2,208000,2,1
1895,58,2,185000,2,1
406,59,1,1250,2,0
1548,59,2,190000,2,1
38,60,3,265000,2,1
118,60,2,272000,2,1
121,60,2,210000,2,1
125,60,2,310000,2,1
217,60,2,175000,2,1
228,60,2,160000,2,1
234,60,2,179000,2,1
238,60,2,1160,2,0
249,60,1,1200,2,0
260,60,2,900,2,0
265,60,3,750,2,0
266,60,2,1500,2,0
285,60,3,2499,2,0
289,60,2,980,2,0
291,60,2,1000,2,0
303,60,2,980,2,0
316,60,2,1820,2,0
330,60,2,1100,2,0
332,60,2,1200,2,0
336,60,2,1200,2,0
355,60,2,980,2,0
386,60,2,162900,2,1
399,60,1,900,2,0
525,60,2,65000,2,0
530,60,1,650,2,0
614,60,2,100,2,0
616,60,3,1000,2,0
618,60,2,150000,2,1
640,60,1,175000,2,0
654,60,2,250,2,0
663,60,2,150000,2,1
712,60,2,280000,2,1
729,60,2,150,2,0
742,60,2,300,2,0
796,60,2,99000,2,0
862,60,2,110000,2,0
880,60,2,300000,2,1
892,60,1,140000,2,0
905,60,2,210000,2,1
1007,60,2,1600,2,0
1019,60,2,1000,2,0
1037,60,2,140000,2,0
1042,60,1,190000,2,0
1047,60,2,1700,2,0
1085,60,2,1300,2,0
1092,60,2,250000,2,1
1150,60,1,1200,2,0
1166,60,2,75000,2,0
1272,60,2,225000,2,1
1306,60,2,270000,2,1
1342,60,2,49900,2,0
1392,60,2,220000,2,1
1477,60,1,115000,2,0
1501,60,2,1000,2,0
1588,60,2,165000,2,1
1605,60,2,135000,2,0
1610,60,2,240000,2,1
1746,60,1,95000,2,0
1874,60,2,178000,2,1
1881,60,2,350000,2,1
1896,60,1,85000,2,0
611,61,2,190000,2,1
721,61,2,225000,2,1
1404,61,2,350000,2,1
90,62,2,185000,2,1
276,62,2,1070,2,0
283,62,2,1980,2,0
723,62,2,110000,2,0
937,62,2,253000,2,1
946,62,2,240000,2,1
1091,62,2,129000,2,0
1110,62,2,210000,2,1
1499,62,2,224000,2,1
298,63,2,1893,2,0
580,63,2,140000,2,0
921,63,2,210000,2,1
938,63,2,254000,2,1
1053,63,2,340000,2,1
1357,63,2,173000,2,1
1663,63,2,195000,2,1
808,64,2,210000,2,1
908,64,2,250000,2,1
1029,64,2,140000,2,0
1118,64,2,199000,2,1
1463,64,2,200000,2,1
1469,64,2,155000,2,0
85,65,2,299000,2,1
88,65,2,175000,2,1
151,65,2,253000,2,1
173,65,1,1200,2,0
235,65,2,269000,2,1
297,65,2,1300,2,0
353,65,2,1292,2,0
622,65,2,35000,2,0
734,65,2,325000,2,1
764,65,2,140000,2,0
860,65,2,220000,2,1
873,65,2,169000,2,1
954,65,2,229000,2,1
1002,65,2,174000,2,1
1105,65,2,140000,2,0
1235,65,2,280000,2,1
1254,65,2,118,2,0
1363,65,2,35000,2,0
1491,65,2,280000,2,1
1533,65,2,160000,2,0
1538,65,2,200000,2,1
1625,65,2,285000,2,1
1745,65,2,345000,2,1
1794,65,2,220000,2,1
106,66,3,375000,2,2
652,66,2,200000,2,1
664,66,2,210000,2,1
941,66,2,298000,2,1
1227,66,3,340000,2,2
1359,66,2,350000,2,1
1394,66,2,304000,2,1
1816,66,2,285000,2,1
1077,67,2,373000,2,1
1098,67,2,195000,2,1
1646,67,2,265000,2,1
1889,67,2,200000,2,1
187,68,2,289000,2,1
221,68,2,200000,2,1
532,68,2,225000,2,1
851,68,2,240000,2,1
1018,68,2,279000,2,1
1496,68,2,210000,2,1
1669,68,2,176000,2,1
387,69,2,200000,2,1
643,69,2,265000,2,1
925,69,2,195000,2,1
1202,69,2,460000,2,1
1381,69,1,110000,2,0
1795,69,2,169000,2,0
23,70,2,1100,2,0
41,70,2,470000,2,1
45,70,2,1500,2,0
55,70,2,215000,2,1
65,70,2,190000,2,1
86,70,2,265000,2,1
108,70,2,200000,2,1
119,70,2,1600,2,0
128,70,2,1400,2,0
191,70,2,225000,2,1
201,70,3,298000,2,1
214,70,2,150000,2,0
246,70,3,200000,2,1
261,70,1,1204,2,0
263,70,2,220000,2,1
273,70,2,1080,2,0
278,70,2,1500,2,0
281,70,1,2000,2,0
290,70,2,1555,2,0
304,70,2,1000,2,0
308,70,2,990,2,0
325,70,1,1100,2,0
349,70,2,800,2,0
351,70,2,2700,2,0
359,70,2,2600,2,0
370,70,2,1070,2,0
391,70,2,3450,2,0
405,70,1,870,2,0
415,70,1,1700,2,0
421,70,2,2115,2,0
423,70,1,750,2,0
473,70,1,1000,2,0
496,70,2,900,2,0
499,70,2,850,2,0
501,70,1,600,2,0
542,70,2,284999,2,1
544,70,2,58000,2,0
564,70,2,180000,2,1
610,70,2,235000,2,1
639,70,1,900,2,0
668,70,2,65000,2,0
690,70,2,265000,2,1
702,70,2,235000,2,1
706,70,2,179900,2,1
710,70,2,320000,2,1
776,70,2,230000,2,1
785,70,2,1800,2,0
789,70,2,225000,2,1
801,70,3,185000,2,1
823,70,2,260000,2,1
841,70,2,210000,2,1
891,70,2,215000,2,1
899,70,2,195000,2,1
913,70,2,215000,2,1
990,70,2,260000,2,1
1021,70,2,1300,2,0
1143,70,2,225000,2,1
1168,70,2,319000,2,1
1178,70,2,190000,2,1
1242,70,2,239000,2,1
1276,70,2,238900,2,1
1321,70,2,150,2,0
1362,70,2,215000,2,1
1405,70,3,169900,2,1
1420,70,2,1450,2,0
1476,70,2,100000,2,0
1478,70,2,180000,2,1
1495,70,2,169000,2,0
1536,70,2,390000,2,1
1595,70,2,370000,2,1
1631,70,2,319000,2,1
1632,70,2,319000,2,1
1700,70,2,165000,2,0
1712,70,2,350000,2,1
1720,70,2,350000,2,1
1764,70,2,165000,2,0
1802,70,1,140000,2,0
1809,70,2,135000,2,0
1813,70,3,185000,2,1
1860,70,2,230000,2,1
1863,70,2,165000,2,0
1900,70,2,280000,2,1
1916,70,2,320000,2,1
360,71,2,1608,2,0
743,71,2,219000,2,1
1205,72,2,226000,2,1
1345,72,2,280000,2,1
1696,73,2,180000,2,0
117,74,2,80000,2,0
140,74,2,80000,2,0
388,74,2,950,2,0
1034,74,2,399000,2,1
1277,74,2,285000,2,1
1453,74,2,160000,2,0
1570,74,2,230000,2,1
1713,74,2,205000,2,1
279,75,2,1400,2,0
282,75,2,1450,2,0
318,75,3,970,2,0
567,75,2,268000,2,1
621,75,2,290000,2,1
630,75,2,80000,2,0
745,75,2,340000,2,1
770,75,2,285000,2,1
966,75,2,270000,2,1
977,75,2,300000,2,1
1076,75,2,245000,2,1
1153,75,3,280000,2,1
1207,75,2,340000,2,1
1408,75,2,270000,2,1
1587,75,2,350000,2,1
1694,75,2,149999,2,0
1768,75,2,159000,2,0
404,76,2,295900,2,1
436,76,1,1450,2,0
527,76,2,85000,2,0
1016,76,2,230000,2,1
1087,76,2,240000,2,1
1210,76,2,330000,2,1
1295,76,2,85000,2,0
1544,76,2,300000,2,1
1740,76,3,250000,2,1
56,77,2,180000,2,0
361,77,2,1377,2,0
657,77,3,1100,2,0
1141,77,2,200000,2,1
1415,77,2,145000,2,0
1831,77,1,130000,2,0
189,78,3,320000,2,1
1322,78,2,180000,2,0
1879,78,3,420000,2,2
1902,78,2,280000,2,1
1919,78,2,200000,2,1
176,79,2,290000,2,1
269,79,2,229900,2,1
457,79,3,1700,2,0
765,79,2,279000,2,1
1088,79,2,355000,2,1
1112,79,2,388000,2,1
1220,79,3,240000,2,1
1228,79,3,240000,2,1
1742,79,3,219700,2,1
28,80,2,125000,2,0
32,80,2,1200,2,0
42,80,3,200000,2,1
70,80,2,800,2,0
93,80,2,230000,2,1
208,80,2,920,2,0
223,80,2,310000,2,1
240,80,2,1350,2,0
268,80,2,2000,2,0
270,80,2,870,2,0
302,80,2,1508,2,0
333,80,2,1398,2,0
364,80,2,2116,2,0
378,80,2,2200,2,0
380,80,3,5200,2,0
384,80,2,238900,2,1
420,80,1,1000,2,0
491,80,3,450,2,0
540,80,2,170000,2,0
577,80,2,50000,2,0
584,80,2,330000,2,1
591,80,3,52000,2,0
646,80,2,350000,2,1
672,80,2,265000,2,1
681,80,2,250000,2,1
682,80,2,225000,2,1
779,80,2,88000,2,0
956,80,3,220000,2,1
985,80,2,340000,2,1
1082,80,3,290000,2,1
1099,80,1,190000,2,0
1129,80,2,240000,2,1
1172,80,1,150000,2,0
1325,80,2,510000,2,1
1460,80,2,350000,2,1
1474,80,2,269900,2,1
1577,80,2,280,2,0
1861,80,4,269000,2,1
1904,80,2,350000,2,1
529,81,2,250,2,0
1187,81,2,320000,2,1
71,82,3,240000,2,1
292,82,2,1412,2,0
403,82,2,298000,2,1
773,82,2,138000,2,0
856,82,3,395000,2,1
1054,82,2,95000,2,0
1176,82,2,240000,2,1
1781,82,3,400000,2,1
256,83,2,259000,2,1
900,83,3,350000,2,1
1409,83,2,350000,2,1
1590,83,3,575000,2,2
13,84,2,1800,2,0
264,84,2,279900,2,1
1792,84,2,270000,2,1
1884,84,3,350000,2,1
33,85,2,120,2,0
44,85,1,45000,2,0
105,85,3,550000,2,2
366,85,2,2000,2,0
508,85,2,60000,2,0
628,85,2,320000,2,1
637,85,2,250000,2,1
777,85,3,285000,2,1
945,85,2,299000,2,1
1212,85,2,230000,2,1
1410,85,2,280000,2,1
1545,85,2,350000,2,1
1573,85,2,285000,2,1
1888,85,3,340000,2,1
335,86,2,2855,2,0
1555,86,3,490000,2,2
277,87,2,2150,2,0
1164,87,3,355000,2,1
1540,87,3,565000,2,2
1565,87,2,250000,2,1
1703,87,3,595000,2,2
635,88,2,349000,2,1
699,88,2,299000,2,1
1351,88,3,520000,2,2
1643,88,3,430000,2,1
170,89,2,240000,2,1
939,89,2,350000,2,1
1691,89,2,304900,2,1
26,90,1,1000,2,0
102,90,2,1080,2,0
203,90,2,1700,2,0
251,90,2,215000,2,0
253,90,2,1400,2,0
320,90,2,2620,2,0
352,90,2,2600,2,0
356,90,2,1700,2,0
357,90,2,1600,2,0
408,90,2,269000,2,1
461,90,3,138000,2,0
486,90,2,365000,2,1
528,90,2,650,2,0
585,90,2,265000,2,1
647,90,3,265000,2,1
649,90,1,100000,2,0
738,90,2,119,2,0
769,90,3,320000,2,1
838,90,2,365000,2,1
947,90,2,190000,2,0
1014,90,2,375000,2,1
1061,90,3,429900,2,1
1071,90,2,250000,2,1
1173,90,2,129000,2,0
1211,90,3,530000,2,2
1213,90,3,390000,2,1
1266,90,2,300000,2,1
1269,90,3,400000,2,1
1356,90,2,200000,2,0
1379,90,3,220000,2,1
1403,90,2,199900,2,0
1428,90,3,300000,2,1
1518,90,3,345000,2,1
1522,90,3,400000,2,1
1678,90,1,195000,2,0
1683,90,3,215000,2,1
1790,90,3,215000,2,1
1838,90,2,325000,2,1
1846,90,2,400000,2,1
37,92,2,350000,2,1
1312,92,2,199000,2,0
1380,92,3,420000,2,1
1660,92,1,770,2,0
1387,93,2,199000,2,0
1492,93,2,165000,2,0
1789,93,3,530000,2,2
1765,94,3,530000,2,2
1028,95,3,480000,2,2
1107,95,3,280000,2,1
1333,95,2,360000,2,1
1803,95,3,800000,2,3
1891,95,2,400000,2,1
422,96,2,230000,2,0
1025,96,3,270000,2,1
1048,96,3,270000,2,1
1457,96,3,580000,2,2
389,97,1,2060,2,0
520,97,3,2000,2,0
797,97,3,2200,2,0
825,97,3,280000,2,1
984,97,2,390000,2,1
1275,97,3,450000,2,1
1318,97,2,275000,2,1
1576,97,2,300000,2,1
911,98,2,210000,2,0
912,98,2,210000,2,0
1349,98,3,360000,2,1
1370,98,2,300000,2,1
1557,98,3,335000,2,1
740,99,2,249900,2,1
1309,99,2,247000,2,0
1756,99,3,480000,2,1
29,100,4,420000,2,2
138,100,3,160000,2,0
210,100,2,300000,2,1
218,100,2,330000,2,1
237,100,2,2000,2,0
243,100,2,220000,2,0
310,100,2,900,2,0
324,100,2,4000,2,0
327,100,2,1500,2,0
562,100,3,600,2,0
566,100,1,180000,2,0
588,100,3,250000,2,1
589,100,2,220000,2,0
596,100,3,400,2,0
620,100,2,210000,2,0
641,100,2,250,2,0
716,100,3,120000,2,0
718,100,3,630000,2,2
727,100,2,140000,2,0
747,100,2,380000,2,1
774,100,2,170000,2,0
803,100,3,330000,2,1
830,100,2,225000,2,0
837,100,2,380000,2,1
843,100,3,539900,2,2
878,100,2,425000,2,1
940,100,2,330000,2,1
962,100,2,240000,2,0
1003,100,3,540000,2,2
1130,100,1,420000,2,0
1165,100,2,275000,2,1
1263,100,2,235000,2,0
1352,100,2,399000,2,1
1386,100,2,299000,2,1
1407,100,3,530000,2,2
1441,100,3,450000,2,1
1449,100,2,145000,2,0
1466,100,3,240003,2,1
1489,100,3,450000,2,1
1541,100,3,385000,2,1
1580,100,3,450000,2,1
1585,100,2,300000,2,1
1618,100,3,480000,2,1
1648,100,2,200,2,0
1679,100,2,480000,2,1
1841,100,3,450000,2,1
1909,100,2,2000,2,0
53,101,1,980000,2,1
928,101,2,350000,2,1
719,102,3,535000,2,2
1340,102,2,295000,2,1
1776,102,2,480000,2,1
116,103,2,280000,2,1
460,104,3,1600,2,0
684,104,3,265000,2,1
162,105,3,549000,2,2
164,105,3,519000,2,1
458,105,3,330000,2,1
1233,105,2,235000,2,0
1236,105,3,650000,2,2
1490,105,3,549500,2,2
1866,105,3,535000,2,2
72,106,3,510000,2,1
847,106,3,325000,2,1
1027,106,4,290000,2,1
1485,106,3,320000,2,1
1798,106,2,550000,2,1
1005,107,3,1970,2,0
1271,107,3,460000,2,1
1655,107,4,450000,2,2
802,108,2,320000,2,1
885,108,3,499000,2,1
1171,108,3,500000,2,1
1240,108,3,398000,2,1
1849,108,4,650000,2,2
1890,108,2,215000,2,0
651,109,3,285000,2,1
39,110,2,1200,2,0
280,110,2,1940,2,0
315,110,2,2300,2,0
323,110,2,2280,2,0
354,110,2,3500,2,0
373,110,2,1900,2,0
381,110,2,3500,2,0
537,110,3,400,2,0
793,110,3,300000,2,1
842,110,3,270000,2,1
1049,110,2,420000,2,1
1128,110,2,350000,2,1
1511,110,2,390000,2,1
1567,110,3,195000,2,1
1637,110,3,220000,2,1
1644,110,4,420000,2,2
1843,110,3,450000,2,1
1845,110,2,480000,2,1
1859,110,3,500000,2,1
1908,110,2,370000,2,1
1155,111,2,370000,2,1
1779,111,3,510000,2,1
358,112,2,1300,2,0
864,112,2,240000,2,0
910,112,2,360000,2,1
1167,112,3,350000,2,1
1289,112,2,650000,2,1
1361,112,2,320000,2,1
1468,112,3,530000,2,1
1568,112,3,550000,2,1
960,113,2,1900,2,0
1095,113,2,450000,2,1
1348,113,3,280000,2,1
1368,113,2,350000,2,1
1524,113,2,350000,2,1
1575,113,2,350000,2,1
1763,113,3,575000,2,2
345,114,1,2300,2,0
686,114,3,250000,2,1
989,114,3,520000,2,1
1389,114,2,350000,2,1
245,115,2,1416,2,0
557,115,2,265000,2,0
813,115,3,320000,2,1
839,115,3,410000,2,1
861,115,3,350,2,0
1372,115,2,600000,2,1
1388,115,3,320000,2,1
1566,115,3,360000,2,1
775,116,3,470000,2,1
1399,116,2,175000,2,0
175,117,3,569000,2,1
306,117,2,4000,2,0
1498,117,3,4000,2,0
1601,117,2,250000,2,0
1412,118,2,460000,2,1
1829,118,3,320000,2,1
1858,118,2,460000,2,1
288,119,2,1934,2,0
1126,119,2,1220000,2,2
11,120,2,120,2,0
30,120,3,1900,2,0
59,120,3,1400,2,0
68,120,3,550000,2,1
126,120,2,350000,2,1
206,120,2,1300,2,0
286,120,3,4580,2,0
363,120,2,3600,2,0
369,120,3,2500,2,0
382,120,2,2200,2,0
433,120,2,550,2,0
495,120,2,350,2,0
517,120,2,500,2,0
541,120,4,350000,2,1
545,120,4,200,2,0
636,120,3,490000,2,1
665,120,4,390000,2,1
670,120,3,370000,2,1
744,120,3,510000,2,1
868,120,3,495000,2,1
876,120,3,380000,2,1
897,120,3,350000,2,1
924,120,2,170000,2,0
933,120,3,330,2,0
971,120,3,345000,2,1
988,120,2,275000,2,0
1041,120,3,498000,2,1
1060,120,4,280,2,0
1249,120,2,280000,2,0
1317,120,3,825000,2,2
1444,120,3,845000,2,2
1454,120,3,600000,2,2
1617,120,2,330000,2,1
1621,120,2,465000,2,1
1667,120,3,360000,2,1
1732,120,3,795000,2,2
1880,120,3,499000,2,1
1055,121,3,850000,2,2
1056,121,3,850000,2,2
1234,121,3,320000,2,1
1744,121,3,550000,2,1
674,122,3,1124000,2,3
1063,122,3,419800,2,1
334,123,2,2440,2,0
1653,123,3,560000,2,1
758,124,3,470000,2,1
917,124,3,340000,2,1
970,124,3,417000,2,1
1734,124,3,580000,2,1
153,125,2,1090,2,0
254,125,3,1280,2,0
453,125,3,268000,2,1
543,125,2,279999,2,0
604,125,2,230000,2,0
679,125,2,165000,2,0
720,125,2,133000,2,0
759,125,2,165000,2,0
855,125,3,355000,2,1
872,125,2,330000,2,1
914,125,3,150000,2,0
1010,125,3,365000,2,1
1015,125,2,390000,2,1
1062,125,3,275000,2,1
1162,125,2,175000,2,0
1279,125,2,310000,2,0
1310,125,3,798000,2,2
1354,125,2,289900,2,0
1423,125,2,70000,2,0
1534,125,2,245000,2,0
1671,125,3,590000,2,1
1723,125,2,600000,2,1
1825,125,3,300000,2,1
1894,125,2,300000,2,0
459,126,2,460000,2,1
815,126,3,410000,2,1
1245,126,2,490000,2,1
1738,126,2,219000,2,0
112,127,3,648000,2,2
1008,127,2,390000,2,1
1337,127,3,780000,2,2
920,128,2,751000,2,1
1033,128,3,3500,2,0
1753,128,3,880000,2,2
219,129,3,680000,2,2
1626,129,2,259000,2,0
300,130,2,2100,2,0
390,130,3,2500,2,0
467,130,3,590000,2,1
555,130,3,2000,2,0
732,130,2,300000,2,0
820,130,3,345000,2,1
853,130,3,235000,2,1
893,130,3,500000,2,1
994,130,3,385000,2,1
1074,130,2,249000,2,0
1447,130,3,645000,2,1
1525,130,3,630000,2,1
1586,130,3,320000,2,1
693,131,3,165000,2,0
792,131,3,165000,2,0
148,132,3,480000,2,1
1450,132,2,400000,2,1
979,133,3,740000,2,2
1136,133,3,700000,2,2
1636,133,3,390000,2,1
1641,133,2,230000,2,0
1217,134,4,350000,2,1
662,135,1,155000,2,0
877,135,3,610000,2,1
879,135,1,155000,2,0
980,135,2,530000,2,1
1156,135,3,340000,2,1
1670,135,3,550000,2,1
1873,135,3,595000,2,1
771,136,3,550000,2,1
15,137,3,795000,2,2
231,137,2,1200,2,0
1012,137,3,430000,2,1
1290,137,2,550000,2,1
209,138,3,660000,2,1
455,138,3,650000,2,1
788,138,3,850000,2,2
923,138,1,3500,2,0
1238,138,3,585000,2,1
1360,138,3,440000,2,1
441,140,2,3220,2,0
510,140,3,100,2,0
556,140,3,50,2,0
619,140,2,262000,2,0
673,140,3,420000,2,1
751,140,3,630000,2,1
798,140,3,2600,2,0
824,140,2,1200000,2,2
965,140,3,799000,2,2
1140,140,2,380000,2,1
1192,140,2,500,2,0
1293,140,4,180000,2,1
1296,140,3,450000,2,1
1336,140,3,1000000,2,2
1429,140,3,750000,2,2
1464,140,3,1128800,2,2
1519,140,3,650000,2,1
1592,140,3,490000,2,1
1594,140,3,958000,2,2
1748,140,2,379000,2,1
1855,140,4,697000,2,2
113,141,3,250000,2,1
667,141,3,448000,2,1
1169,142,2,380000,2,1
1268,143,4,399000,2,1
244,144,3,2430,2,0
296,144,3,9250,2,0
1629,144,4,650000,2,2
1854,144,3,358000,2,1
174,145,3,639000,2,1
1432,145,1,142000,2,0
1500,145,3,850000,2,2
124,146,4,510000,2,1
953,146,3,609000,2,1
1013,146,3,490000,2,1
1132,146,4,980000,2,3
1303,146,2,530000,2,1
54,147,2,1500,2,0
1649,147,2,195000,2,0
1584,148,3,555000,2,1
398,149,5,550000,2,2
1546,149,3,658000,2,1
1554,149,3,1000000,2,2
1793,149,3,450000,2,1
17,150,3,60,3,0
132,150,3,610000,3,1
188,150,3,1500,3,0
275,150,2,1783,3,0
340,150,2,3000,3,0
523,150,3,400,3,0
547,150,6,600,3,0
550,150,4,600,3,0
569,150,5,2000,3,0
581,150,2,49,3,0
582,150,2,150,3,0
597,150,2,150000,3,0
598,150,4,450,3,0
648,150,2,449000,3,1
689,150,4,330000,3,1
715,150,2,330000,3,0
781,150,3,485000,3,1
795,150,5,240000,3,1
814,150,3,720000,3,1
844,150,3,500000,3,1
865,150,2,160,3,0
906,150,4,200,3,0
915,150,3,500,3,0
930,150,3,130000,3,0
934,150,3,600,3,0
1035,150,5,270000,3,1
1158,150,3,550000,3,1
1214,150,3,700000,3,1
1260,150,4,580000,3,2
1283,150,2,285000,3,0
1339,150,4,600000,3,2
1374,150,3,639900,3,1
1390,150,3,790000,3,2
1417,150,3,320000,3,1
1503,150,3,295000,3,1
1662,150,3,600000,3,1
1681,150,3,1190000,3,2
1743,150,3,799000,3,2
1911,150,3,300000,3,1
1547,151,3,260000,3,1
1666,151,3,398000,3,1
1737,152,4,260000,3,1
301,153,2,2900,3,0
750,153,3,610000,3,1
874,154,4,400000,3,1
1304,154,3,330000,3,1
377,155,4,2700,3,0
464,155,3,600000,3,1
565,155,3,150,3,0
902,155,3,580000,3,1
997,155,3,790000,3,2
1383,155,3,730000,3,1
1353,156,3,350000,3,1
1572,156,3,870000,3,2
1715,156,3,890000,3,2
1078,157,3,690000,3,1
1090,157,3,690000,3,1
1188,157,3,265000,3,1
1842,157,3,509000,3,1
511,158,3,418000,3,1
1006,158,4,690000,3,2
811,159,2,390000,3,0
73,160,3,580000,3,1
392,160,4,218000,3,1
471,160,3,2200,3,0
474,160,6,285000,3,1
503,160,1,700,3,0
507,160,3,220,3,0
572,160,3,550,3,0
816,160,4,510000,3,1
821,160,3,440000,3,1
973,160,3,2490,3,0
1040,160,3,682000,3,1
1114,160,4,1260000,3,3
1131,160,3,200000,3,0
1190,160,3,580000,3,1
1204,160,4,860000,3,2
1252,160,2,600000,3,1
1331,160,3,510000,3,1
1334,160,3,600000,3,1
1396,160,2,2500,3,0
1562,160,2,490000,3,1
1619,160,2,319000,3,0
1747,160,3,450000,3,1
1762,160,3,175000,3,0
1774,160,3,780000,3,1
1830,160,3,730000,3,1
1848,160,3,270000,3,1
1878,160,4,889000,3,2
739,162,3,490000,3,1
806,162,3,550000,3,1
1305,162,3,490000,3,1
1551,162,3,450000,3,1
159,163,4,530000,3,1
675,163,3,549000,3,1
705,163,3,338000,3,1
969,163,3,650000,3,1
1251,163,4,600000,3,1
1787,163,3,890000,3,2
1427,164,3,762000,3,1
1328,165,4,1300000,3,3
1804,165,3,498000,3,1
1805,165,3,850000,3,2
1899,165,3,490000,3,1
1531,166,2,270000,3,0
216,168,3,812000,3,1
866,168,3,445000,3,1
1314,168,3,440000,3,1
51,169,3,769000,3,1
311,170,2,2200,3,0
347,170,2,2200,3,0
393,170,4,1000,3,0
470,170,3,825000,3,1
829,170,3,850000,3,2
852,170,3,38000000,3,67
955,170,3,300000,3,1
1231,170,3,800000,3,1
1483,170,3,320000,3,1
1561,170,3,750000,3,1
1875,170,4,800000,3,2
24,172,2,236000,3,0
40,172,4,1690000,3,4
152,172,3,550000,3,1
1326,172,2,250000,3,0
1446,172,4,1592000,3,4
1783,172,3,1499000,3,3
645,173,3,910000,3,2
733,173,4,700000,3,2
1523,173,3,380000,3,1
1800,173,3,995000,3,2
80,174,3,630000,3,1
172,174,3,720000,3,1
227,174,5,700000,3,2
1287,174,3,1000000,3,2
1146,175,3,790000,3,1
87,176,2,600000,3,1
1516,176,3,880000,3,2
1138,177,3,890000,3,2
1886,177,3,550000,3,1
1338,178,3,375000,3,1
43,179,3,960000,3,2
456,179,3,789000,3,1
469,179,3,790000,3,1
1578,179,5,6000,3,0
111,180,3,980000,3,2
131,180,3,380000,3,1
313,180,3,4000,3,0
326,180,4,4660,3,0
554,180,2,155000,3,0
578,180,3,180,3,0
607,180,2,2100,3,0
617,180,3,780000,3,1
736,180,1,279000,3,0
748,180,3,850000,3,1
888,180,6,300,3,0
1180,180,3,590,3,0
1216,180,3,790000,3,1
1255,180,3,669000,3,1
1377,180,3,230000,3,0
1395,180,3,560003,3,1
1424,180,4,750000,3,2
1445,180,3,720000,3,1
1458,180,4,889000,3,2
1502,180,3,680000,3,1
1527,180,4,1000000,3,2
1608,180,3,390000,3,1
1704,180,3,3200,3,0
1903,180,4,3500,3,0
638,181,3,420000,3,1
857,182,2,2105,3,0
1401,182,2,330000,3,0
157,183,3,826300,3,1
822,183,4,869000,3,2
1882,183,3,650000,3,1
101,184,3,580000,3,1
986,184,3,700000,3,1
1581,184,3,890000,3,1
161,185,3,800000,3,1
884,185,3,600000,3,1
1481,185,3,729000,3,1
1807,185,3,685000,3,1
1675,186,3,305000,3,0
1759,186,2,450000,3,0
726,187,2,140000,3,0
365,190,4,3500,3,0
568,190,4,400,3,0
1109,190,3,349000,3,1
1203,190,4,1250000,3,3
1583,190,4,600000,3,1
1639,191,3,520000,3,1
1869,192,5,1200000,3,3
1634,194,4,540000,3,1
74,195,3,480000,3,1
1487,195,3,550000,3,1
1147,198,3,985000,3,1
1149,198,2,460000,3,0
1622,198,3,1750000,3,3
1699,198,3,690000,3,1
1777,198,3,470000,3,1
16,200,4,590000,3,1
122,200,4,950000,3,2
229,200,3,620000,3,1
233,200,3,2000,3,0
299,200,3,2050,3,0
344,200,1,3961,3,0
509,200,3,330000,3,0
534,200,3,299999,3,0
576,200,5,595000,3,1
625,200,3,260000,3,0
642,200,3,60,3,0
688,200,4,540000,3,1
768,200,3,1500,3,0
778,200,5,600,3,0
783,200,3,346000,3,1
854,200,3,1398000,3,2
882,200,4,500000,3,1
903,200,2,280000,3,0
951,200,4,12500,3,0
961,200,3,270000,3,0
978,200,3,600000,3,1
1022,200,3,450000,3,1
1057,200,3,750000,3,1
1064,200,4,1200000,3,2
1298,200,3,1990000,3,3
1400,200,3,320000,3,0
1402,200,3,2500,3,0
1442,200,3,850000,3,1
1514,200,4,980000,3,2
1526,200,3,400000,3,1
1556,200,3,720000,3,1
1642,200,5,900000,3,2
1695,200,4,230000,3,0
1751,200,4,790000,3,2
1752,200,5,390000,3,1
1772,200,1,350000,3,0
1775,200,3,470000,3,1
1868,200,3,1000000,3,1
374,203,3,3500,3,0
1297,203,3,829000,3,1
1600,203,3,500000,3,1
1657,203,4,850000,3,2
708,204,3,2900,3,0
1179,204,3,750000,3,1
1224,205,3,880000,3,1
1284,205,3,600000,3,1
1393,205,3,750000,3,1
887,207,3,350000,3,1
182,208,3,399000,3,1
1818,208,4,595000,3,1
367,210,3,10800,3,0
918,210,3,720000,3,1
1535,210,3,650000,3,1
1710,210,4,750000,3,1
1867,213,2,580000,3,1
77,214,3,310000,3,0
1365,214,2,691500,3,1
1656,214,4,990000,3,2
833,215,2,660000,3,1
1000,215,3,530000,3,1
165,216,3,629000,3,1
1043,216,3,280000,3,0
1259,216,4,1200000,3,2
1257,217,4,650000,3,1
84,220,3,1250000,3,2
109,220,4,1500000,3,3
178,220,3,745000,3,1
468,220,3,1249000,3,2
590,220,2,250,3,0
658,220,5,595000,3,1
870,220,3,550000,3,1
1046,220,3,900000,3,1
1116,220,3,710000,3,1
1121,220,5,650000,3,1
1123,220,2,395000,3,0
1467,220,3,1150000,3,2
1482,220,4,550000,3,1
1513,220,3,650000,3,1
1887,220,3,680000,3,1
602,221,3,469000,3,1
1244,221,3,770000,3,1
1612,221,3,5000,3,0
1706,221,3,1400000,3,2
1767,221,3,700000,3,1
46,222,3,950000,3,1
1100,222,5,970000,3,2
1898,222,3,495000,3,1
896,224,4,750000,3,1
1139,224,3,855000,3,1
1093,225,3,750000,3,1
1421,225,4,2500000,3,4
156,227,3,650000,3,1
964,228,2,419000,3,0
1264,228,3,670000,3,1
1731,228,4,650000,3,1
100,230,3,690000,3,1
167,230,4,1329000,3,2
322,230,3,3370,3,0
575,230,3,750,3,0
1032,230,3,1270000,3,2
1115,230,3,1350000,3,2
1413,230,4,3000000,3,5
1419,230,4,998000,3,2
1497,230,2,650000,3,1
1651,230,3,950000,3,1
247,233,3,1590000,3,2
1358,233,5,646000,3,1
1812,234,3,1100000,3,1
1261,235,3,899000,3,1
1323,235,5,2600000,3,6
196,236,4,5700,3,0
1307,236,4,1050000,3,2
1319,237,3,1000000,3,1
1378,239,3,850000,3,1
190,240,3,1150000,3,1
703,240,4,1100000,3,2
728,240,4,575000,3,1
1039,240,4,1600000,3,3
1067,240,3,490000,3,1
1145,240,4,950000,3,2
1201,240,3,800000,3,1
1294,240,5,450000,3,1
644,243,3,640000,3,1
827,243,3,3700,3,0
1833,243,5,6700,3,0
633,245,3,1150000,3,1
929,245,3,990000,3,1
1912,245,4,1378000,3,2
1031,248,3,745000,3,1
1689,249,4,790000,3,1
97,250,4,505000,4,1
472,250,3,1800,4,0
516,250,3,500,4,0
627,250,5,550,4,0
655,250,4,580000,4,1
669,250,4,954000,4,2
691,250,3,3000,4,0
848,250,3,680000,4,1
859,250,4,840000,4,1
993,250,2,317000,4,0
1009,250,3,549990,4,1
1052,250,3,525000,4,1
1119,250,3,845000,4,1
1125,250,4,420000,4,1
1137,250,3,640000,4,1
1311,250,4,270000,4,0
1316,250,3,650000,4,1
1324,250,3,1000000,4,1
1416,250,3,950000,4,1
1539,250,3,750000,4,1
1609,250,3,900000,4,1
1724,250,5,580000,4,1
1771,250,4,4800000,4,8
1828,250,4,750000,4,1
1836,250,4,920000,4,1
1473,255,3,795000,4,1
746,256,3,750000,4,1
889,256,4,1300000,4,2
1072,256,3,380000,4,0
786,257,4,892000,4,1
1508,257,3,590000,4,1
1509,257,3,480000,4,1
1853,257,4,900000,4,1
1206,259,3,3300000,4,4
79,260,4,1750000,4,3
166,260,4,1749000,4,3
375,260,2,2560,4,0
497,260,4,600,4,0
1038,260,4,3600,4,0
1075,260,3,580000,4,1
1397,260,4,1290000,4,2
1606,260,2,850000,4,1
1726,260,4,800000,4,1
1755,260,3,1250000,4,1
1840,260,3,1650000,4,2
1782,262,3,945000,4,1
50,263,4,1400000,4,2
160,263,4,1399000,4,2
943,264,5,2200000,4,4
241,265,3,960000,4,1
449,266,3,1080000,4,1
1104,266,3,1490000,4,2
1237,266,7,530000,4,1
1766,269,3,850000,4,1
194,270,3,2200000,4,2
519,270,3,300,4,0
558,270,4,562000,4,1
730,270,3,780000,4,1
1023,270,3,720000,4,1
1080,270,5,2990000,4,6
1124,270,3,865000,4,1
1175,270,3,750000,4,1
1672,270,3,949000,4,1
1827,270,5,1150000,4,2
1835,270,3,1590000,4,2
1850,270,4,1200000,4,2
749,271,3,850000,4,1
163,272,4,1099000,4,2
204,272,5,890000,4,2
807,272,4,898000,4,1
230,274,1,11000,4,0
1142,274,3,990000,4,1
767,275,3,1100000,4,1
1081,275,3,690000,4,1
1750,275,4,1400000,4,2
1364,276,3,790000,4,1
1721,276,4,1390000,4,2
826,277,4,1500,4,0
1302,277,3,1500000,4,2
154,279,3,810000,4,1
1635,279,3,286200,4,0
199,280,4,5000,4,0
454,280,3,1400000,4,2
593,280,4,837000,4,1
944,280,6,3800000,4,8
1430,280,3,1500000,4,2
1702,280,4,1100000,4,2
1707,280,3,700000,4,1
875,282,4,1590000,4,2
139,283,3,4400,4,0
462,283,3,550000,4,1
401,285,3,850000,4,1
1852,286,3,550000,4,1
850,287,4,1580000,4,2
1665,288,3,1540000,4,2
1241,289,3,1000000,4,1
137,290,3,1800000,4,2
488,290,4,1600000,4,2
560,290,3,697000,4,1
831,290,3,590000,4,1
1120,290,4,680000,4,1
1688,290,3,480000,4,0
1914,293,4,840000,4,1
98,294,7,2800000,4,7
1871,298,4,1280000,4,2
1872,298,4,1280000,4,2
103,299,4,750000,4,1
67,300,4,7500,4,0
94,300,2,1800000,4,1
110,300,3,800000,4,1
226,300,3,2900000,4,3
250,300,3,5900,4,0
255,300,3,650000,4,1
522,300,5,800,4,0
552,300,3,599,4,0
680,300,8,700,4,0
711,300,5,400,4,0
755,300,3,54000,4,0
760,300,3,54000,4,0
812,300,4,420,4,0
835,300,3,1490000,4,1
983,300,2,350,4,0
995,300,4,910000,4,1
998,300,4,1250000,4,2
1079,300,3,54000,4,0
1113,300,6,1150000,4,2
1278,300,4,3199000,4,4
1320,300,3,550000,4,1
1330,300,3,790000,4,1
1366,300,3,976000,4,1
1406,300,3,1696000,4,2
1520,300,3,1290000,4,1
1550,300,5,1400000,4,2
1687,300,4,1200000,4,2
1711,300,4,750000,4,1
1714,300,4,1800000,4,2
1823,300,4,1150000,4,2
1824,300,4,1150000,4,2
1844,300,5,4000,4,0
1918,300,3,54000,4,0
1050,301,4,980000,4,1
1574,305,4,1280000,4,2
1717,305,4,1089000,4,1
869,306,3,2200000,4,2
1198,307,4,8000,4,0
99,308,3,180000,4,0
371,308,3,4900,4,0
1020,310,3,2100000,4,2
1181,310,3,265000,4,0
1529,310,3,1300000,4,1
1559,310,5,1370000,4,2
1883,310,3,1086000,4,1
780,311,3,1300000,4,1
1163,312,4,1400000,4,2
185,319,4,1500000,4,2
147,320,3,900000,4,1
215,320,4,2900000,4,4
1101,320,4,1300000,4,2
1796,320,2,830000,4,1
1906,320,5,1400000,4,2
63,321,3,1900000,4,2
1024,321,3,1980000,4,2
1811,322,5,4000000,4,6
383,330,3,9160,4,0
763,330,3,450000,4,0
832,330,1,119000,4,0
931,330,4,980000,4,1
963,330,3,1800000,4,2
1315,330,3,1494000,4,1
1510,330,4,1690000,4,2
1549,330,3,1200000,4,1
20,331,4,2190000,4,3
81,331,4,2190000,4,3
1718,335,7,800000,4,2
1218,337,4,600000,4,1
1250,337,4,1487000,4,2
926,340,4,1190000,4,1
948,340,4,1390000,4,2
1344,340,3,1850000,4,2
1727,340,5,4350000,4,6
1728,340,5,4350000,4,6
1459,342,4,1550000,4,2
66,350,3,2870000,5,2
78,350,3,1600000,5,1
95,350,3,1600000,5,1
284,350,4,8500,5,0
480,350,4,2200000,5,3
834,350,2,250,5,0
1111,350,3,2850000,5,2
1183,350,3,1590000,5,1
1186,350,3,530000,5,0
1480,350,5,1350000,5,2
1589,350,4,2300000,5,3
1709,350,4,1450000,5,2
1725,350,4,820000,5,1
1729,350,4,900000,5,1
1814,350,4,800000,5,1
1905,350,4,2000000,5,2
942,351,4,1850000,5,2
1248,354,3,1320000,5,1
1910,354,4,1200000,5,1
207,355,6,3500000,5,6
1193,355,3,3200000,5,3
1684,356,4,1880000,5,2
1677,357,3,945000,5,1
999,358,3,3200000,5,3
104,360,3,2000000,5,2
535,360,2,400,5,0
676,360,4,1950000,5,2
784,360,4,2180000,5,2
958,360,3,680000,5,1
1083,360,4,1300000,5,1
1199,360,4,1855000,5,2
1558,360,5,2100000,5,3
1652,360,4,2200000,5,2
1862,360,4,721000,5,1
1253,361,3,2335000,5,2
69,362,4,2700000,5,3
96,362,4,2700000,5,3
1517,362,3,1920000,5,2
7,363,2,183893,5,0
1288,365,4,1790000,5,2
1628,365,7,550000,5,1
47,367,4,1100000,5,1
48,370,4,3199000,5,3
465,370,4,1800000,5,2
1194,370,3,2400000,5,2
1226,370,4,900000,5,1
1515,370,3,1000000,5,1
1159,373,4,2400000,5,3
992,375,4,1150000,5,1
1623,375,3,1300000,5,1
1462,376,7,1399000,5,3
1664,376,4,970000,5,1
1376,377,4,1350000,5,1
1757,378,4,2500000,5,3
411,379,3,2600000,5,2
1148,379,4,1280000,5,1
1797,379,3,1600000,5,1
1820,381,3,1700000,5,1
1355,387,5,2150000,5,3
881,388,4,1200000,5,1
1530,389,3,1250000,5,1
1758,389,4,3100000,5,3
1864,389,3,6000,5,0
1434,390,4,2000000,5,2
1613,390,4,1200000,5,1
1770,391,3,980000,5,1
1786,394,3,1950,5,0
477,395,4,2810000,5,3
972,395,4,1900000,5,2
1096,395,3,1200000,5,1
92,397,4,1200000,5,1
141,398,4,2500000,5,3
1134,398,2,330,5,0
1780,398,3,850000,5,1
379,400,3,3470,5,0
687,400,4,750000000,5,750
991,400,4,1420000,5,1
1004,400,6,773800,5,1
1103,400,5,1790000,5,2
1258,400,4,1600000,5,2
1281,400,5,6500,5,0
1448,400,3,1000000,5,1
1630,400,4,1700000,5,2
1661,400,4,1200000,5,1
1698,400,7,799000,5,1
1701,400,3,2470000,5,2
1821,400,4,1800000,5,2
1876,400,4,1148000,5,1
1913,406,5,1300000,5,2
376,408,5,5500,5,0
114,410,4,2700000,5,3
1239,410,3,2500000,5,2
1451,410,3,1250000,5,1
1593,410,4,750000,5,1
1602,410,3,960000,5,1
136,411,8,12000,5,0
27,412,4,1600000,5,2
1647,412,4,1500000,5,1
1685,413,4,640000,5,1
1733,414,4,1600000,5,2
1716,416,3,1200000,5,1
612,420,12,350,5,0
752,420,4,1800000,5,2
1177,420,5,2100000,5,3
1579,420,5,2200000,5,3
1784,420,5,4500000,5,5
1385,427,4,1290000,5,1
35,430,4,2200000,5,2
434,430,4,3450000,5,3
1280,430,4,1706000,5,2
1722,432,4,1450000,5,1
252,433,5,1200000,5,1
916,434,4,1600000,5,1
650,440,1,450000,5,0
909,440,3,2400000,5,2
1347,440,4,3000000,5,3
123,444,4,1500000,5,1
57,450,5,1700000,6,2
447,450,4,2400000,6,2
482,450,4,2500000,6,2
492,450,5,75,6,0
513,450,8,65,6,0
653,450,4,1700000,6,2
819,450,4,3180000,6,3
890,450,6,6500000,6,9
1598,450,4,2285000,6,2
1857,450,5,3350000,6,4
817,456,4,3300000,6,3
193,458,4,2900000,6,3
1209,460,3,1920000,6,1
1332,460,4,4028000,6,4
1521,462,4,3400000,6,3
1692,463,4,1950000,6,2
1761,465,4,3500000,6,3
894,467,4,2500000,6,2
629,470,4,2190000,6,2
863,470,4,1680000,6,1
1223,470,6,1400000,6,2
1839,470,6,820000,6,1
1851,473,5,2500000,6,3
1542,476,4,1950000,6,2
1327,479,4,3700000,6,3
515,480,6,1500,6,0
1907,480,5,3500000,6,4
1414,490,4,1400000,6,1
1185,498,4,1800000,6,1
1506,498,4,2280000,6,2
19,500,3,1000,6,0
236,500,5,1500000,6,2
274,500,3,10000,6,0
317,500,3,4770,6,0
418,500,4,4000000,6,3
500,500,4,800,6,0
656,500,1,67000,6,0
685,500,5,4900000,6,5
787,500,3,1600000,6,1
1184,500,4,4028000,6,3
1243,500,4,3660000,6,3
1384,500,3,1400000,6,1
1438,500,4,3900000,6,3
1603,500,3,900000,6,1
1680,500,3,6000,6,0
127,504,4,1000000,6,1
212,509,3,4650000,6,3
1788,510,7,1650000,6,2
1292,515,4,3300000,6,3
697,517,5,3100000,6,3
58,520,4,3300000,6,3
82,520,4,3300000,6,3
1638,520,6,1950000,6,2
1282,528,4,1950000,6,1
1465,530,5,1480000,6,1
328,535,5,4500000,6,4
91,538,4,2399000,6,2
1371,540,5,1550000,6,1
195,543,5,3500000,6,3
631,543,3,60,6,0
34,545,4,2500000,6,2
790,545,4,6300000,6,5
202,550,1,3850000,7,1
505,550,6,75,7,0
1422,550,4,2350000,7,2
1425,550,6,75,7,0
1582,550,4,1800000,7,1
1106,555,3,3200000,7,2
1769,560,6,4985000,7,5
1560,570,5,15000,7,0
1291,575,4,6900000,7,5
1760,575,4,1950000,7,1
976,576,4,2100000,7,1
220,578,5,2300000,7,2
222,580,5,2300000,7,2
1208,580,4,3300000,7,2
1475,580,4,2000000,7,1
1847,580,3,1537000,7,1
1229,585,4,4100000,7,3
1640,585,4,5890,7,0
36,600,6,1800000,7,2
49,600,4,3600000,7,2
205,600,8,3800000,7,5
484,600,5,3900000,7,3
595,600,4,800,7,0
753,600,4,4200000,7,3
762,600,9,75,7,0
1065,600,4,3500000,7,2
1219,600,3,1350000,7,1
1488,600,6,3600000,7,4
1597,600,4,3200000,7,2
1599,600,4,1050000,7,1
1676,600,5,4500000,7,4
1682,600,3,2500000,7,1
1893,600,4,7000,7,0
1749,602,5,3600000,7,3
200,606,3,2100000,7,1
701,620,5,3900000,7,3
1196,620,4,4500000,7,3
446,625,4,4500000,7,3
1369,630,8,9200000,7,12
1645,630,5,5300000,7,4
1097,650,4,5500000,8,3
1117,650,4,4200000,8,3
1274,650,4,3500000,8,2
1472,650,5,1850000,8,1
1505,650,4,3300000,8,2
1512,650,4,1900000,8,1
1504,660,4,2899000,8,2
1834,660,4,2300000,8,1
1256,670,4,4000000,8,2
1819,670,5,3500000,8,3
1624,675,4,4200000,8,2
553,700,4,1200,8,0
605,700,7,10,8,0
805,700,4,1950000,8,1
1045,700,5,5000000,8,4
1089,700,4,3000000,8,2
1367,700,3,7700,8,0
1611,700,5,3300000,8,2
1650,700,5,4800000,8,3
1832,700,4,10000000,8,6
489,704,5,3800000,8,3
1030,730,4,6500000,8,4
1569,735,4,7000000,8,4
799,740,5,7900000,8,5
974,750,4,6300000,9,3
1343,750,4,2200000,9,1
490,752,4,6500000,9,3
692,752,4,14000000,9,7
571,780,5,6500000,9,4
75,790,4,3300000,9,2
1195,796,4,5000000,9,3
531,800,3,390000,9,0
919,800,4,6500000,9,3
1066,800,5,9500000,9,6
1897,800,6,3200000,9,2
761,803,8,8000000,9,8
211,810,5,5000000,9,3
1285,820,5,18000,9,0
981,850,4,3900000,10,2
1461,850,6,4500000,10,3
1051,880,5,3000000,10,2
338,900,5,5300000,10,3
603,900,8,75,10,0
1102,900,5,6000000,10,3
1215,900,4,8800000,10,4
1658,900,5,8000000,10,4
1426,940,4,1850000,10,1
14,1000,1,35000,11,0
506,1000,6,65,11,0
724,1000,2,400000,11,0
766,1000,5,10,11,0
904,1000,11,2500000,11,3
936,1000,5,330000,11,0
1044,1000,5,8480000,11,4
613,1050,3,698000,12,0
840,1050,5,10500000,12,5
741,1081,8,15000000,12,11
952,1100,4,11990000,12,4
1267,1100,5,6900000,12,3
809,1160,14,7090000,13,9
661,1200,6,10,13,0
794,1200,9,18000000,13,14
1591,1200,4,3500000,13,1
1596,1200,8,6000000,13,4
1152,1250,4,160000,14,0
133,1300,5,9990000,14,4
1313,1350,7,750000,15,0
524,1450,6,12500000,16,5
883,1500,5,17000000,16,6
1607,1500,1,150000,16,0
1690,1500,4,2700000,16,1
1073,1600,5,12000000,17,4
810,1965,7,25000000,21,9
871,2060,6,8000000,22,2
754,2156,10,29000000,23,13
587,2300,8,19000000,24,7
968,2300,8,80000,24,0
518,2500,8,60,26,0
1350,2818,2,900000,29,0
957,3500,2,130000,36,0
828,4800,2,240000,49,0
493,10000,2,350,101,0
1286,10000,4,399000,101,0
1036,14960,3,495000,151,0
521,15000,2,230000,151,0
1674,20000,2,370000,201,0
698,24000,4,300000,241,0
709,91000,3,1250000,911,0
551,500000,1,750,5001,0
504,580800,2,400000,5809,0
